{
  "project_info": {
    "project_number": "51378140464",
    "firebase_url": "https://gotakecoffee.firebaseio.com",
    "project_id": "gotakecoffee",
    "storage_bucket": "gotakecoffee.appspot.com"
  },
  "client": [
    {
      "client_info": {
        "mobilesdk_app_id": "1:51378140464:android:14d714d75c654955bb44f5",
        "android_client_info": {
          "package_name": "com.example.gotakecoffee_2"
        }
      },
      "oauth_client": [
        {
          "client_id": "51378140464-usph5rff2s60pfqbi59jna60747fc2lp.apps.googleusercontent.com",
          "client_type": 1,
          "android_info": {
            "package_name": "com.example.gotakecoffee_2",
            "certificate_hash": "d5dea0269efd64afa5081847a3276fe7c8e77a54"
          }
        },
        {
          "client_id": "51378140464-a1env9ntv8jes1gc036e1g7rpbtremnf.apps.googleusercontent.com",
          "client_type": 3
        }
      ],
      "api_key": [
        {
          "current_key": "AIzaSyC7ncQKsaNbNRDOboC1q12nzm0HPBTO5jQ"
        }
      ],
      "services": {
        "appinvite_service": {
          "other_platform_oauth_client": [
            {
              "client_id": "51378140464-a1env9ntv8jes1gc036e1g7rpbtremnf.apps.googleusercontent.com",
              "client_type": 3
            }
          ]
        }
      }
    }
  ],
  "configuration_version": "1"
}